{
    "MSE": 0.8091620644370123,
    "R2": 0.19154647037856243
}