{
    "MSE": 0.7864280756944075,
    "R2": 0.21426055232717756
}